{"loss": [2.094604015350342, 0.3891705870628357, 0.36064720153808594, 0.3277266323566437, 0.3188842236995697, 0.21529628336429596, 0.15254944562911987, 0.16524511575698853, 0.15300177037715912, 0.1087106391787529, 0.0859735757112503, 0.12460412830114365, 0.09547360241413116, 0.08488607406616211, 0.07241424918174744, 0.07225748151540756, 0.061056461185216904, 0.048377182334661484, 0.05564572289586067, 0.047372978180646896, 0.060098931193351746, 0.04705606400966644, 0.050664495676755905, 0.03928431496024132, 0.03445543721318245, 0.035693466663360596, 0.03776819631457329, 0.04538781940937042, 0.03564431145787239, 0.0425766184926033, 0.029497573152184486, 0.024116581305861473, 0.04875773936510086, 0.033843278884887695, 0.026748480275273323, 0.042369548231363297, 0.022729264572262764, 0.030378002673387527, 0.028054416179656982, 0.0251311082392931, 0.04368416965007782, 0.025820447131991386, 0.06439900398254395, 0.03938787430524826, 0.019701728597283363, 0.008164666593074799, 0.03062642551958561, 0.02552996762096882, 0.028064586222171783, 0.01989307999610901, 0.059524405747652054, 0.028976431116461754, 0.053002990782260895, 0.04330933466553688, 0.012119375169277191, 0.010857664979994297, 0.040982913225889206, 0.025042399764060974, 0.025608742609620094, 0.017568428069353104, 0.04606195166707039, 0.028034701943397522, 0.02924112044274807, 0.037053078413009644, 0.021618712693452835, 0.02941196598112583, 0.02306591533124447, 0.021792104467749596, 0.033509962260723114, 0.046778906136751175, 0.025078369304537773, 0.017842117697000504, 0.027846284210681915, 0.04025159031152725, 0.020682046189904213, 0.021526189520955086, 0.0264069102704525, 0.0163596048951149, 0.031700026243925095, 0.04850738123059273, 0.049140945076942444, 0.02198406308889389, 0.04347559064626694, 0.02369985170662403, 0.03973456099629402, 0.018816903233528137, 0.04429283365607262, 0.04828264191746712, 0.03412241488695145, 0.026953307911753654], "accuracy": [0.7233516573905945, 0.8890167474746704, 0.9133102893829346, 0.929847002029419, 0.9361974000930786, 0.9525635838508606, 0.9634317755699158, 0.9625367522239685, 0.9652644395828247, 0.9743425846099854, 0.9789881706237793, 0.9711886644363403, 0.9760473966598511, 0.9794996380805969, 0.9818437695503235, 0.9822273254394531, 0.9849123954772949, 0.9877679944038391, 0.9872139096260071, 0.9891744256019592, 0.9868729710578918, 0.9881089329719543, 0.9885777831077576, 0.9900268316268921, 0.9919021725654602, 0.9920300245285034, 0.9913054704666138, 0.989387571811676, 0.9917742609977722, 0.9918168783187866, 0.9938626885414124, 0.9944167137145996, 0.990879237651825, 0.9936922192573547, 0.9952691197395325, 0.9930102825164795, 0.9956953525543213, 0.994246244430542, 0.9944593906402588, 0.9948855638504028, 0.9927971959114075, 0.9949281811714172, 0.9890891909599304, 0.9927545785903931, 0.9962920546531677, 0.9980394840240479, 0.994246244430542, 0.9960789084434509, 0.9952691197395325, 0.9965051412582397, 0.991987407207489, 0.9959510564804077, 0.993820071220398, 0.9953970313072205, 0.9981673359870911, 0.9982099533081055, 0.9943314790725708, 0.996846079826355, 0.9961215257644653, 0.996846079826355, 0.9944593906402588, 0.9966756105422974, 0.9964625239372253, 0.9964625239372253, 0.9971444606781006, 0.997400164604187, 0.9967182278633118, 0.9974427819252014, 0.9958232045173645, 0.9953970313072205, 0.9967608451843262, 0.9981247186660767, 0.9968886971473694, 0.9962920546531677, 0.9976558685302734, 0.9981247186660767, 0.9975280165672302, 0.9984230399131775, 0.9973149299621582, 0.9960362911224365, 0.9958658218383789, 0.997826337814331, 0.9967182278633118, 0.9979968667030334, 0.9971018433570862, 0.9980394840240479, 0.9970592260360718, 0.997187077999115, 0.9972723126411438, 0.9978690147399902]}