{"loss": [1721.06884765625, 1020.2769165039062, 899.9544067382812, 810.6655883789062, 736.2728881835938, 694.3265380859375, 625.8428955078125, 596.7073364257812, 542.1259155273438, 499.94512939453125, 482.3201599121094, 444.9313659667969, 402.3557434082031, 391.437255859375, 359.2491760253906, 339.9124450683594, 332.6040344238281, 323.8414001464844, 301.2923278808594, 297.8462829589844, 271.9303894042969, 259.8739013671875, 238.8502960205078, 228.95086669921875, 228.8063201904297, 216.51034545898438, 197.3291473388672, 207.10743713378906, 198.3940887451172, 199.24398803710938, 184.06640625, 196.1484375, 170.43096923828125, 173.50836181640625, 170.36599731445312, 162.08261108398438, 156.49830627441406, 157.24462890625, 149.97509765625, 143.29359436035156, 143.6388702392578, 141.13934326171875, 142.65980529785156, 138.70050048828125, 135.32382202148438, 129.9051513671875, 122.6895523071289, 123.68244934082031, 123.58189392089844, 121.31392669677734, 113.96566009521484, 111.046875, 112.7359619140625, 105.60789489746094, 109.17085266113281, 100.11418151855469, 98.56625366210938, 95.92992401123047, 95.75450897216797, 92.44698333740234, 89.41365051269531, 87.08738708496094, 88.6414794921875, 83.57508087158203, 83.66989135742188, 79.01213836669922, 81.93243408203125, 77.66190338134766, 78.96548461914062, 74.09043884277344, 73.26640319824219, 69.85953521728516, 69.01557922363281, 68.1944351196289, 66.33956146240234, 64.39244842529297, 61.807865142822266, 60.89902877807617, 58.30997848510742, 55.607398986816406, 56.584861755371094, 53.80263137817383, 53.312278747558594, 53.267189025878906, 52.6080207824707, 49.04184341430664, 49.509944915771484, 49.046844482421875, 47.236663818359375, 46.12074279785156], "accuracy": [0.579365074634552, 0.6665079593658447, 0.7077777981758118, 0.7373545169830322, 0.7595238089561462, 0.7715343832969666, 0.7956613898277283, 0.8069841265678406, 0.820793628692627, 0.8313756585121155, 0.8366137742996216, 0.8515872955322266, 0.8618518710136414, 0.8686772584915161, 0.8748677372932434, 0.8829629421234131, 0.8829629421234131, 0.8879894018173218, 0.8928571343421936, 0.8932804465293884, 0.9025925993919373, 0.9030687808990479, 0.9092063307762146, 0.9112169146537781, 0.9125396609306335, 0.9129629731178284, 0.9221693277359009, 0.9167195558547974, 0.919259250164032, 0.9182010293006897, 0.9214285612106323, 0.9207407236099243, 0.9253968000411987, 0.9268783330917358, 0.9269312024116516, 0.9251852035522461, 0.9306878447532654, 0.9293650984764099, 0.9306878447532654, 0.9357671737670898, 0.9344973564147949, 0.9349735379219055, 0.9341269731521606, 0.9346031546592712, 0.9358730316162109, 0.9399999976158142, 0.9413227438926697, 0.9408465623855591, 0.9386772513389587, 0.9443386197090149, 0.9419576525688171, 0.9446031451225281, 0.9463492035865784, 0.9456084370613098, 0.9456613659858704, 0.948201060295105, 0.9466666579246521, 0.9477777481079102, 0.949999988079071, 0.9488359689712524, 0.9515343904495239, 0.9513756632804871, 0.9510582089424133, 0.9517989158630371, 0.9541798830032349, 0.9531217217445374, 0.9522222280502319, 0.9534391760826111, 0.9558200836181641, 0.955132246017456, 0.9576719403266907, 0.956084668636322, 0.9573544859886169, 0.9547619223594666, 0.9566137790679932, 0.9594709277153015, 0.9576190710067749, 0.9572486877441406, 0.9569841027259827, 0.960529088973999, 0.9607407450675964, 0.9611639976501465, 0.9603174328804016, 0.9593650698661804, 0.9618518352508545, 0.960529088973999, 0.9614285826683044, 0.9622222185134888, 0.9613756537437439, 0.9623809456825256]}